City_ID,City,Country,Date,Lat,Lng,Max Temp,Humidity,Cloudiness,Wind Speed
0,Thompson,CA,2022-05-26 17:00:12,55.7435,-97.8558,62.67,53,100,5.73
1,Kaitangata,NZ,2022-05-26 17:04:42,-46.2817,169.8464,37.85,91,5,4.65
2,Hilo,US,2022-05-26 17:03:34,19.7297,-155.09,82.27,84,0,6.91
3,Grand Gaube,MU,2022-05-26 17:04:43,-20.0064,57.6608,72.0,77,7,3.0
4,New Norfolk,AU,2022-05-26 17:04:43,-42.7826,147.0587,52.92,81,66,3.0
5,Abha,SA,2022-05-26 17:04:44,18.2164,42.5053,71.85,56,3,6.91
6,Sembe,CG,2022-05-26 17:04:44,1.6481,14.5806,72.3,96,87,3.06
7,Busselton,AU,2022-05-26 17:04:44,-33.65,115.3333,54.82,73,0,7.76
8,Mataura,NZ,2022-05-26 17:04:45,-46.1927,168.8643,33.48,97,3,1.59
9,Atuona,PF,2022-05-26 17:04:45,-9.8,-139.0333,77.94,76,12,17.43
10,Kruisfontein,ZA,2022-05-26 17:04:46,-34.0033,24.7314,58.89,92,49,5.46
11,Dingle,PH,2022-05-26 17:04:46,10.9995,122.6711,77.81,86,100,2.21
12,Ushuaia,AR,2022-05-26 17:00:06,-54.8,-68.3,36.09,79,93,19.13
13,Altay,CN,2022-05-26 17:04:46,47.8667,88.1167,65.93,69,94,2.57
14,Upernavik,GL,2022-05-26 17:04:47,72.7868,-56.1549,33.58,71,51,10.54
15,Clyde River,CA,2022-05-26 16:59:48,70.4692,-68.5914,21.43,63,20,12.66
16,Alyangula,AU,2022-05-26 17:04:47,-13.8483,136.4192,75.16,72,54,10.02
17,Karpathos,GR,2022-05-26 17:04:47,35.507,27.2132,75.16,69,0,13.8
18,Khatanga,RU,2022-05-26 17:04:48,71.9667,102.5,27.57,86,40,5.99
19,Faanui,PF,2022-05-26 17:04:48,-16.4833,-151.75,80.92,67,7,14.23
20,Chuy,UY,2022-05-26 17:04:49,-33.6971,-53.4616,58.84,66,96,9.44
21,East London,ZA,2022-05-26 17:00:33,-33.0153,27.9116,61.93,83,62,8.16
22,Empalme,MX,2022-05-26 17:04:49,27.9667,-110.8167,91.35,45,0,9.22
23,Kisangani,CD,2022-05-26 17:04:49,0.5167,25.2,76.6,79,85,1.79
24,Saint-Francois,FR,2022-05-26 16:59:50,46.4154,3.9054,70.68,52,75,9.22
25,Ishigaki,JP,2022-05-26 17:04:50,24.3448,124.1572,80.83,84,90,17.56
26,Polunochnoye,RU,2022-05-26 17:04:50,60.8697,60.4153,43.41,76,82,2.08
27,Qeshm,IR,2022-05-26 17:04:51,26.9581,56.2719,85.87,68,0,10.96
28,Punta Arenas,CL,2022-05-26 17:04:51,-53.15,-70.9167,42.91,65,0,19.57
29,Bobo Dioulasso,BF,2022-05-26 17:00:18,11.1771,-4.2979,92.37,36,44,6.55
30,Karlskoga,SE,2022-05-26 17:04:51,59.3267,14.5239,57.38,92,96,8.41
31,Rikitea,PF,2022-05-26 17:04:52,-23.1203,-134.9692,77.23,74,21,15.73
32,Vanimo,PG,2022-05-26 17:04:52,-2.6741,141.3028,76.8,86,83,2.35
33,Bluff,NZ,2022-05-26 17:04:52,-46.6,168.3333,33.8,84,10,5.88
34,Albany,US,2022-05-26 17:01:47,42.6001,-73.9662,71.89,49,100,3.0
35,Saint-Louis,SN,2022-05-26 17:04:53,16.3333,-15.0,98.17,22,58,12.97
36,Xichang,CN,2022-05-26 17:04:53,27.8964,102.2634,65.57,89,100,2.04
37,Port Alfred,ZA,2022-05-26 17:04:54,-33.5906,26.891,58.17,94,45,7.11
38,Puerto Leguizamo,CO,2022-05-26 17:00:24,-0.1934,-74.7819,77.23,89,89,3.56
39,Obama,JP,2022-05-26 17:04:54,35.4958,135.746,65.95,99,100,0.69
40,Tilichiki,RU,2022-05-26 17:04:55,60.4667,166.1,38.19,96,100,3.33
41,Yellowknife,CA,2022-05-26 17:00:14,62.456,-114.3525,51.57,40,58,1.99
42,Campoverde,PE,2022-05-26 17:04:55,-8.4753,-74.8058,82.09,61,90,3.69
43,Baghdad,IQ,2022-05-26 17:00:26,33.3406,44.4009,86.36,9,0,9.98
44,Hermanus,ZA,2022-05-26 17:04:56,-34.4187,19.2345,59.81,75,43,10.56
45,Avera,US,2022-05-26 17:04:56,33.194,-82.5271,81.91,94,100,10.94
46,Barrow,US,2022-05-26 17:04:56,71.2906,-156.7887,33.82,86,100,10.36
47,Koslan,RU,2022-05-26 17:04:57,63.4564,48.8989,48.06,70,100,6.08
48,Kapaa,US,2022-05-26 17:04:57,22.0752,-159.319,71.92,78,100,13.8
49,Avarua,CK,2022-05-26 17:04:57,-21.2078,-159.775,73.45,100,100,5.75
50,Bredasdorp,ZA,2022-05-26 17:04:58,-34.5322,20.0403,57.45,81,63,6.06
51,Constitucion,CL,2022-05-26 17:04:58,-35.3333,-72.4167,55.63,55,100,5.1
52,Cape Town,ZA,2022-05-26 17:04:58,-33.9258,18.4232,62.28,80,0,8.01
53,Tiksi,RU,2022-05-26 17:04:59,71.6872,128.8694,23.2,95,100,6.17
54,Comodoro Rivadavia,AR,2022-05-26 17:04:59,-45.8667,-67.5,49.86,37,0,10.36
55,Pisco,PE,2022-05-26 17:05:00,-13.7,-76.2167,64.45,77,75,9.22
56,Tuktoyaktuk,CA,2022-05-26 17:05:00,69.4541,-133.0374,35.6,87,100,6.91
57,Vaini,TO,2022-05-26 17:05:00,-21.2,-175.2,77.31,80,100,13.31
58,Ayan,RU,2022-05-26 17:05:01,56.45,138.1667,38.12,91,86,4.32
59,Saint-Philippe,RE,2022-05-26 17:05:01,-21.3585,55.7679,74.79,78,43,4.81
60,Makhalino,RU,2022-05-26 17:05:01,53.0854,46.2211,52.27,72,85,9.1
61,Tasiilaq,GL,2022-05-26 17:05:02,65.6145,-37.6368,39.36,73,94,2.44
62,Ribeira Grande,PT,2022-05-26 17:05:02,38.5167,-28.7,68.4,68,20,12.66
63,Tucupita,VE,2022-05-26 17:00:31,9.0622,-62.051,83.88,75,86,7.23
64,Jamestown,US,2022-05-26 17:03:40,42.097,-79.2353,76.59,66,75,16.11
65,Jinchang,CN,2022-05-26 17:05:03,38.4953,102.1739,66.18,13,98,3.4
66,Gejiu,CN,2022-05-26 17:05:03,23.306,103.1635,59.16,95,100,2.33
67,Nikel,RU,2022-05-26 17:05:04,69.4128,30.222,51.98,60,37,19.71
68,Hobart,AU,2022-05-26 17:05:04,-42.8794,147.3294,53.28,91,62,11.5
69,Arraial Do Cabo,BR,2022-05-26 17:05:04,-22.9661,-42.0278,80.46,54,0,12.66
70,Havre-Saint-Pierre,CA,2022-05-26 17:05:05,50.2334,-63.5986,47.21,55,89,8.1
71,Yulara,AU,2022-05-26 17:02:42,-25.2406,130.9889,59.4,56,66,10.74
72,Mae Sai,TH,2022-05-26 17:05:05,20.4335,99.8762,75.27,86,64,1.28
73,Igrim,RU,2022-05-26 17:05:06,63.1906,64.4162,61.25,65,99,10.54
74,Eureka,US,2022-05-26 17:05:06,40.8021,-124.1637,63.19,82,100,1.01
75,Quatre Cocos,MU,2022-05-26 17:05:07,-20.2078,57.7625,71.71,72,8,6.98
76,Palauig,PH,2022-05-26 17:05:07,15.435,119.9045,81.63,79,80,5.95
77,Provideniya,RU,2022-05-26 17:05:07,64.3833,-173.3,37.24,79,86,4.81
78,Inuvik,CA,2022-05-26 17:05:08,68.3499,-133.7218,47.37,67,93,11.5
79,Chandpur,IN,2022-05-26 17:05:08,29.15,78.2667,88.97,27,16,2.01
80,Polson,US,2022-05-26 17:05:09,47.6936,-114.1632,61.21,59,94,1.54
81,Lorengau,PG,2022-05-26 17:05:09,-2.0226,147.2712,79.61,79,100,4.97
82,Pingliang,CN,2022-05-26 17:05:10,35.5392,106.6861,61.5,64,100,3.09
83,Mangla,PK,2022-05-26 17:05:10,31.8931,72.3817,96.28,18,0,7.65
84,Qaanaaq,GL,2022-05-26 17:05:10,77.484,-69.3632,30.16,61,11,4.36
85,Butaritari,KI,2022-05-26 17:05:11,3.0707,172.7902,80.78,71,88,12.12
86,Hithadhoo,MV,2022-05-26 17:05:11,-0.6,73.0833,84.13,67,65,9.66
87,Geraldton,AU,2022-05-26 17:05:12,-28.7667,114.6,57.61,88,75,8.05
88,Saldanha,ZA,2022-05-26 17:05:12,-33.0117,17.9442,60.84,89,18,10.38
89,Bonavista,CA,2022-05-26 17:05:12,48.6499,-53.1147,41.05,72,90,17.43
90,Hirara,JP,2022-05-26 17:05:13,24.8,125.2833,77.59,88,92,7.4
91,Dunedin,NZ,2022-05-26 17:05:13,-45.8742,170.5036,44.8,60,0,4.0
92,Chokurdakh,RU,2022-05-26 17:05:14,70.6333,147.9167,22.17,89,20,5.66
93,Pevek,RU,2022-05-26 17:05:14,69.7008,170.3133,30.27,82,100,8.08
94,Alim,PH,2022-05-26 17:05:15,9.5649,122.4876,79.36,85,100,7.4
95,Radyvyliv,UA,2022-05-26 17:05:15,50.1299,25.2558,60.71,73,76,11.97
96,Nuuk,GL,2022-05-26 17:00:58,64.1835,-51.7216,32.61,93,75,15.01
97,Pasighat,IN,2022-05-26 17:05:16,28.0667,95.3333,73.92,96,25,2.71
98,Lac Du Bonnet,CA,2022-05-26 17:01:49,50.2536,-96.0612,62.24,47,98,7.52
99,Gbarnga,LR,2022-05-26 17:05:16,6.9956,-9.4722,84.15,63,82,2.46
100,Viedma,AR,2022-05-26 17:05:17,-40.8135,-62.9967,51.73,30,0,15.41
101,Puerto Ayora,EC,2022-05-26 17:05:17,-0.7393,-90.3518,80.56,87,88,5.01
102,Martapura,ID,2022-05-26 17:05:18,-3.4167,114.85,77.09,100,100,3.44
103,Abu Dhabi,AE,2022-05-26 17:05:09,24.4667,54.3667,89.62,48,0,17.27
104,Lebu,CL,2022-05-26 17:05:18,-37.6167,-73.65,49.98,62,41,15.59
105,Kloulklubed,PW,2022-05-26 17:05:19,7.0419,134.2556,83.17,75,100,6.15
106,Beaupre,CA,2022-05-26 17:05:19,47.0443,-70.8953,57.54,95,100,6.73
107,Ponta Do Sol,PT,2022-05-26 17:05:19,32.6667,-17.1,71.01,73,86,3.65
108,Zavyalovo,RU,2022-05-26 17:05:20,54.5053,82.4484,57.33,58,99,11.56
109,Skibotn,NO,2022-05-26 17:05:20,69.3913,20.2679,59.11,58,54,5.88
110,Dikson,RU,2022-05-26 17:05:20,73.5069,80.5464,25.45,90,100,5.1
111,Klyuchi,RU,2022-05-26 17:05:21,52.2667,79.1667,71.08,53,40,11.05
112,Cartagena Del Chaira,CO,2022-05-26 17:05:00,1.3349,-74.8429,70.34,99,100,3.24
113,Bathsheba,BB,2022-05-26 17:05:21,13.2167,-59.5167,86.61,66,20,17.27
114,Nioro,GM,2022-05-26 17:05:22,13.35,-15.75,93.15,38,82,9.42
115,Sao Joao Da Barra,BR,2022-05-26 17:05:21,-21.6403,-41.0511,78.89,68,57,12.33
116,Nagua,DO,2022-05-26 17:05:22,19.3832,-69.8474,86.31,79,20,13.8
117,Zemio,CF,2022-05-26 17:05:23,5.0314,25.1361,77.29,62,20,2.39
118,Norman Wells,CA,2022-05-26 17:05:23,65.282,-126.8329,53.56,60,100,3.0
119,Flinders,AU,2022-05-26 17:05:23,-34.5833,150.8552,56.25,90,35,1.99
120,Ust-Kuyga,RU,2022-05-26 17:05:24,70.0167,135.6,20.05,94,13,5.84
121,Bascov,RO,2022-05-26 17:05:24,44.9,24.8167,69.37,55,7,4.54
122,Mahebourg,MU,2022-05-26 17:05:24,-20.4081,57.7,71.89,83,40,3.44
123,Fare,PF,2022-05-26 17:05:25,-16.7,-151.0167,80.4,70,4,13.98
124,Nemuro,JP,2022-05-26 17:05:25,43.3236,145.575,48.58,99,71,11.79
125,North Platte,US,2022-05-26 17:03:01,41.1239,-100.7654,67.89,48,0,5.01
126,Souillac,MU,2022-05-26 17:05:26,-20.5167,57.5167,71.98,83,40,3.44
127,Kortkeros,RU,2022-05-26 17:05:26,61.8106,51.5806,50.18,80,93,5.7
128,Kaniama,CD,2022-05-26 17:05:27,-7.5667,24.1833,75.94,41,30,3.29
129,Hope,US,2022-05-26 17:02:11,33.6671,-93.5916,77.05,47,71,16.71
130,Sestri Levante,IT,2022-05-26 17:05:27,44.2732,9.3968,81.77,76,78,3.31
131,General Roca,AR,2022-05-26 17:05:28,-39.0333,-67.5833,47.62,59,100,9.64
132,Kieta,PG,2022-05-26 17:05:28,-6.2167,155.6333,78.03,85,100,3.06
133,Georgetown,MY,2022-05-26 17:02:17,5.4112,100.3354,80.53,94,20,0.0
134,Port Blair,IN,2022-05-26 17:01:32,11.6667,92.75,82.47,81,91,16.42
135,Dodge City,US,2022-05-26 17:00:55,37.7528,-100.0171,69.26,50,0,15.99
136,Torbay,CA,2022-05-26 17:03:19,47.6666,-52.7314,53.89,73,14,21.0
137,Bosaso,SO,2022-05-26 17:02:52,11.2842,49.1816,85.64,71,73,1.7
138,Bengkulu,ID,2022-05-26 17:05:28,-3.8004,102.2655,77.22,84,89,4.32
139,Owo,NG,2022-05-26 17:05:29,7.1962,5.5868,79.39,78,92,5.5
140,San Quintin,MX,2022-05-26 17:05:29,30.4833,-115.95,66.83,68,0,7.76
141,Nautla,MX,2022-05-26 17:05:30,20.2167,-96.7833,89.19,61,73,9.33
142,Isangel,VU,2022-05-26 17:05:30,-19.55,169.2667,74.16,87,4,6.35
143,Nikolskoye,RU,2022-05-26 17:05:30,59.7035,30.7861,53.49,98,100,2.08
144,Roald,NO,2022-05-26 17:05:31,62.5833,6.1333,55.33,76,0,16.11
145,Bilibino,RU,2022-05-26 17:05:31,68.0546,166.4372,48.27,64,100,3.67
146,Taltal,CL,2022-05-26 17:02:13,-25.4,-70.4833,63.88,67,96,4.83
147,Naze,JP,2022-05-26 17:05:32,28.3667,129.4833,64.18,90,100,8.63
148,Tacoronte,ES,2022-05-26 17:05:32,28.4769,-16.4102,66.52,72,20,16.11
149,Victoria,HK,2022-05-26 17:02:56,22.2855,114.1577,82.45,89,100,5.99
150,Liku,ID,2022-05-26 17:05:33,-0.7275,119.8922,74.52,98,100,3.18
151,Antsohihy,MG,2022-05-26 17:05:33,-14.8796,47.9875,73.33,87,4,3.0
152,Saint-Augustin,CA,2022-05-26 17:05:33,51.226,-58.6502,52.92,33,56,10.2
153,Omboue,GA,2022-05-26 17:05:34,-1.5746,9.2618,76.23,82,97,5.35
154,Kailua,US,2022-05-26 17:00:51,21.4022,-157.7394,76.64,68,13,4.0
155,Castro,BR,2022-05-26 17:05:34,-24.7911,-50.0119,71.06,46,48,4.85
156,Fairbanks,US,2022-05-26 17:01:39,64.8378,-147.7164,58.3,60,75,1.01
157,Luderitz,NA,2022-05-26 17:05:35,-26.6481,15.1594,59.74,78,0,6.51
158,Pierre,US,2022-05-26 17:01:05,44.3683,-100.351,74.86,35,1,1.99
159,Porbandar,IN,2022-05-26 17:05:35,21.6422,69.6093,82.33,82,8,16.53
160,Manggar,ID,2022-05-26 17:05:35,-2.8833,108.2667,80.62,77,98,3.2
161,Ahipara,NZ,2022-05-26 17:05:36,-35.1667,173.1667,52.7,86,81,3.8
162,Batie,BF,2022-05-26 17:05:36,9.8833,-2.9167,90.81,43,71,7.11
163,Port Augusta,AU,2022-05-26 17:05:36,-32.5,137.7667,54.57,90,5,6.02
164,Gamba,GA,2022-05-26 17:05:37,-2.65,10.0,75.74,81,94,5.68
165,Umm Kaddadah,SD,2022-05-26 17:05:37,13.6017,26.6876,89.78,6,2,9.84
166,Katsuura,JP,2022-05-26 17:05:38,35.1333,140.3,67.66,88,100,18.23
167,Samarai,PG,2022-05-26 17:05:38,-10.6167,150.6667,80.44,74,86,10.18
168,Hovd,MN,2022-05-26 17:05:39,48.0056,91.6419,65.46,51,97,2.57
169,Belozerskoye,RU,2022-05-26 17:05:39,55.8214,65.5842,56.57,94,100,18.01
170,Atar,MR,2022-05-26 17:05:40,20.5169,-13.0499,103.84,15,0,19.98
171,Abay,KZ,2022-05-26 17:05:40,49.6311,72.8539,64.78,30,8,8.1
172,Blucina,CZ,2022-05-26 17:05:40,49.055,16.6445,69.57,49,0,13.8
173,Mount Gambier,AU,2022-05-26 17:03:56,-37.8333,140.7667,49.91,93,100,6.91
174,Lompoc,US,2022-05-26 17:05:02,34.6391,-120.4579,61.61,97,100,4.61
175,Carnarvon,AU,2022-05-26 17:05:41,-24.8667,113.6333,71.85,59,100,10.76
176,San Juan Ixcoy,GT,2022-05-26 17:05:42,15.5997,-91.4453,72.45,77,100,1.32
177,Port Elizabeth,ZA,2022-05-26 17:05:42,-33.918,25.5701,61.11,99,75,6.91
178,Saint George,US,2022-05-26 17:04:32,37.1041,-113.5841,88.79,14,0,1.99
179,Port Macquarie,AU,2022-05-26 17:05:43,-31.4333,152.9167,53.89,93,8,3.62
180,Saint Anthony,US,2022-05-26 17:05:43,45.0205,-93.218,55.85,78,100,12.66
181,Puerto Del Rosario,ES,2022-05-26 17:05:44,28.5004,-13.8627,71.35,68,20,12.66
182,Ostrovnoy,RU,2022-05-26 17:05:44,68.0531,39.5131,35.31,96,100,16.31
183,Northallerton,GB,2022-05-26 17:05:45,54.339,-1.4324,64.22,45,75,23.02
184,Chubbuck,US,2022-05-26 17:05:45,42.9208,-112.4661,79.0,28,0,8.99
185,Chihuahua,MX,2022-05-26 17:05:45,28.5,-106.0,86.83,8,0,8.23
186,Saskylakh,RU,2022-05-26 17:05:46,71.9167,114.0833,30.18,95,100,10.47
187,Saint-Joseph,RE,2022-05-26 17:05:46,-21.3667,55.6167,73.78,77,24,3.62
188,Kandrian,PG,2022-05-26 17:05:46,-6.2167,149.55,76.48,88,100,4.47
189,Verkhnya Syrovatka,UA,2022-05-26 17:05:47,50.829,34.9586,55.17,85,62,9.95
190,Chernyshevskiy,RU,2022-05-26 17:05:47,63.0128,112.4714,33.08,64,71,7.9
191,Wanaka,NZ,2022-05-26 17:05:48,-44.7,169.15,39.4,65,1,2.3
192,Tuatapere,NZ,2022-05-26 17:05:48,-46.1333,167.6833,39.11,88,1,2.71
193,Ranghulu,CN,2022-05-26 17:05:48,46.65,124.8667,59.29,76,99,5.12
194,Camacha,PT,2022-05-26 17:05:49,33.0833,-16.3333,67.42,60,40,11.5
195,Hillsboro,US,2022-05-26 17:05:49,45.5229,-122.9898,66.07,72,100,3.44
196,Kaabong,UG,2022-05-26 17:05:49,3.4836,34.1492,64.65,82,99,4.0
197,Okitipupa,NG,2022-05-26 17:05:50,6.5047,4.7839,81.1,77,92,5.64
198,Padang,ID,2022-05-26 17:05:50,-0.9492,100.3543,78.85,79,97,4.32
199,Rosarito,MX,2022-05-26 17:05:50,32.3333,-117.0333,69.48,68,25,6.76
200,Alice Springs,AU,2022-05-26 17:03:35,-23.7,133.8833,49.55,71,13,3.44
201,Mareeba,AU,2022-05-26 17:05:51,-17.0,145.4333,63.45,93,6,1.95
202,Chivilcoy,AR,2022-05-26 17:05:51,-34.8957,-60.0167,56.32,35,11,8.9
203,Lavrentiya,RU,2022-05-26 17:05:51,65.5833,-171.0,32.13,95,95,5.19
204,Cockburn Town,TC,2022-05-26 17:05:52,21.4612,-71.1419,79.54,72,13,15.95
205,Exeter,GB,2022-05-26 17:01:53,50.7236,-3.5275,65.93,74,75,11.5
206,Mount Isa,AU,2022-05-26 17:01:54,-20.7333,139.5,53.37,66,0,5.75
207,Nargana,PA,2022-05-26 17:05:52,9.4428,-78.5906,83.25,74,100,3.2
208,Hasaki,JP,2022-05-26 17:05:53,35.7333,140.8333,68.4,85,100,19.53
209,Daru,PG,2022-05-26 17:05:53,-9.0763,143.2092,79.74,71,82,10.33
210,Bandarbeyla,SO,2022-05-26 17:05:53,9.4942,50.8122,81.25,83,85,23.6
211,Sao Filipe,CV,2022-05-26 17:05:54,14.8961,-24.4956,72.99,80,14,7.58
212,Bisho,ZA,2022-05-26 17:05:54,-32.8472,27.4422,55.06,93,79,2.46
213,Staryy Nadym,RU,2022-05-26 17:05:54,65.6118,72.6842,57.78,37,68,20.96
214,Asau,RO,2022-05-26 17:05:55,46.4333,26.4,68.92,72,53,0.18
215,Bukama,CD,2022-05-26 17:05:55,-9.2,25.85,72.99,43,5,1.39
216,Bilma,NE,2022-05-26 17:05:55,18.6853,12.9164,100.76,7,2,2.21
217,Sinnamary,GF,2022-05-26 17:01:14,5.3833,-52.95,81.41,81,86,9.78
218,Tiarei,PF,2022-05-26 17:05:56,-17.5333,-149.3333,73.42,72,10,15.41
219,Uarini,BR,2022-05-26 17:05:56,-2.99,-65.1083,90.88,48,42,6.51
220,Goderich,CA,2022-05-26 17:05:56,43.7501,-81.7165,58.66,94,100,18.32
221,Vardo,NO,2022-05-26 17:03:11,70.3705,31.1107,40.98,87,20,10.36
222,Turukhansk,RU,2022-05-26 17:05:57,65.8167,87.9833,50.13,56,3,13.18
223,Sao Jose Da Coroa Grande,BR,2022-05-26 17:05:57,-8.8978,-35.1478,79.0,83,62,15.14
224,San Cristobal,VE,2022-05-26 17:05:58,7.7669,-72.225,78.98,60,100,6.13
225,Bomet,KE,2022-05-26 17:05:58,-0.7813,35.3416,55.78,97,95,2.64
226,Thinadhoo,MV,2022-05-26 17:05:58,0.5333,72.9333,83.89,68,41,9.17
227,Aitape,PG,2022-05-26 17:05:58,-3.1374,142.3475,76.84,88,50,3.29
228,Azovo,RU,2022-05-26 17:05:59,54.6997,73.0237,76.75,45,7,17.36
229,Vila Velha,BR,2022-05-26 17:05:59,-20.3297,-40.2925,80.55,68,40,8.05
230,Alta Floresta,BR,2022-05-26 17:06:00,-9.8756,-56.0861,88.68,33,7,6.67
231,Haines Junction,CA,2022-05-26 17:06:00,60.7522,-137.5108,47.3,59,84,2.21
232,Moron,AR,2022-05-26 17:06:00,-34.6534,-58.6198,57.79,69,9,7.45
233,Mackay,AU,2022-05-26 17:06:01,-21.15,149.2,63.68,83,0,9.53
234,Tessalit,ML,2022-05-26 17:06:02,20.1986,1.0114,102.56,11,64,9.48
235,Makakilo City,US,2022-05-26 17:02:35,21.3469,-158.0858,75.18,62,1,13.15
236,Merritt Island,US,2022-05-26 17:06:03,28.5392,-80.672,90.09,61,40,11.5
237,Ardmore,US,2022-05-26 17:05:40,34.1743,-97.1436,74.71,44,0,17.27
238,Neunkirchen,DE,2022-05-26 17:06:04,49.35,7.1833,70.59,50,20,12.66
239,Mutare,ZW,2022-05-26 17:06:05,-18.9707,32.6709,59.43,59,0,2.21
240,Mayumba,GA,2022-05-26 17:06:05,-3.432,10.6554,75.43,85,93,4.34
241,Inirida,CO,2022-05-26 17:06:05,3.8653,-67.9239,81.61,86,95,1.68
242,Leshukonskoye,RU,2022-05-26 17:06:06,64.8989,45.7622,48.38,85,100,6.2
243,Erzincan,TR,2022-05-26 17:06:06,39.75,39.5,60.1,51,0,0.0
244,Cabo San Lucas,MX,2022-05-26 17:04:56,22.8909,-109.9124,83.61,44,0,3.44
245,Mehamn,NO,2022-05-26 17:06:07,71.0357,27.8492,42.71,62,6,21.14
246,Netarhat,IN,2022-05-26 17:06:07,23.4833,84.2667,73.27,34,47,4.94
247,Caravelas,BR,2022-05-26 17:06:08,-17.7125,-39.2481,78.85,51,10,8.7
248,Praxedis Guerrero,MX,2022-05-26 17:06:08,31.3667,-106.0167,83.66,10,0,1.81
249,Kudahuvadhoo,MV,2022-05-26 17:06:08,2.6708,72.8944,83.46,69,30,10.22
250,Ust-Kulom,RU,2022-05-26 17:06:09,61.6864,53.6902,42.69,90,59,5.03
251,Longyearbyen,SJ,2022-05-26 17:06:09,78.2186,15.6401,42.64,81,0,4.61
252,Invermere,CA,2022-05-26 17:06:10,50.5167,-116.0354,60.37,54,94,5.57
253,Talnakh,RU,2022-05-26 17:06:10,69.4865,88.3972,29.62,86,68,3.33
254,Bambous Virieux,MU,2022-05-26 17:06:10,-20.3428,57.7575,71.85,83,40,3.44
255,Yerbogachen,RU,2022-05-26 17:06:11,61.2767,108.0108,36.63,72,72,7.74
256,Namibe,AO,2022-05-26 17:06:11,-15.1961,12.1522,69.06,78,2,7.31
257,Quebo,GW,2022-05-26 17:06:11,11.3333,-14.9333,84.16,62,95,7.52
258,Yeppoon,AU,2022-05-26 17:06:12,-23.1333,150.7333,62.38,90,3,9.8
259,Iquique,CL,2022-05-26 17:06:12,-20.2208,-70.1431,64.44,69,2,4.23
260,Hami,CN,2022-05-26 17:06:13,42.8,93.45,83.21,18,86,8.61
261,Port Lincoln,AU,2022-05-26 17:06:13,-34.7333,135.8667,55.89,83,4,5.06
262,Tigil,RU,2022-05-26 17:06:13,57.8,158.6667,41.63,96,100,3.2
263,Buzmeyin,TM,2022-05-26 17:06:14,38.0507,58.2056,73.24,40,100,12.26
264,Pacific Grove,US,2022-05-26 17:06:14,36.6177,-121.9166,57.31,91,100,11.99
265,Carire,BR,2022-05-26 17:06:15,-3.9506,-40.4733,82.56,73,70,2.55
266,La Presa,US,2022-05-26 17:06:15,32.7081,-116.9973,79.77,73,0,9.22
267,Morehead,US,2022-05-26 17:06:16,37.2711,-87.1764,72.99,87,100,14.97
268,Wagar,SD,2022-05-26 17:06:16,16.1525,36.2032,100.81,11,0,3.94
269,Aykhal,RU,2022-05-26 17:06:17,66.0,111.5,29.08,71,76,10.71
270,Ugoofaaru,MV,2022-05-26 17:06:17,5.6667,73.0,82.65,74,100,14.5
271,Pacasmayo,PE,2022-05-26 17:06:17,-7.4006,-79.5714,69.15,73,75,13.09
272,Arlit,NE,2022-05-26 17:06:18,18.7369,7.3853,106.12,10,48,1.54
273,Guerrero Negro,MX,2022-05-26 17:06:13,27.9769,-114.0611,69.78,59,0,10.07
274,Port Keats,AU,2022-05-26 17:06:18,-14.25,129.55,71.37,48,57,7.05
275,Mitzic,GA,2022-05-26 17:02:16,0.7821,11.549,68.13,99,100,3.0
276,Surgut,RU,2022-05-26 17:04:02,61.25,73.4167,68.18,49,20,8.99
277,Mar Del Plata,AR,2022-05-26 17:05:27,-38.0023,-57.5575,53.62,63,40,9.22
278,Rauma,FI,2022-05-26 17:06:19,61.1272,21.5113,55.44,75,100,3.91
279,Rio Gallegos,AR,2022-05-26 17:01:44,-51.6226,-69.2181,43.56,59,31,29.73
280,Besikduzu,TR,2022-05-26 17:06:19,41.052,39.2284,60.69,74,13,6.06
281,Moranbah,AU,2022-05-26 17:06:20,-22.0016,148.0466,61.81,81,0,6.26
282,Grindavik,IS,2022-05-26 17:06:20,63.8424,-22.4338,52.27,58,40,20.71
283,Cherskiy,RU,2022-05-26 17:06:20,68.75,161.3,31.57,78,100,14.03
284,Pangnirtung,CA,2022-05-26 17:06:21,66.1451,-65.7125,17.74,83,36,5.93
285,Xam Nua,LA,2022-05-26 17:06:21,20.4197,104.0439,67.77,93,95,3.04
286,Qujing,CN,2022-05-26 17:06:22,25.4833,103.7833,63.3,96,100,2.86
287,San-Pedro,CI,2022-05-26 17:06:22,4.7485,-6.6363,81.54,74,73,7.67
288,Cheremukhovo,RU,2022-05-26 17:06:22,60.3484,59.9851,44.19,77,80,2.28
289,Beloha,MG,2022-05-26 17:06:23,-25.1667,45.05,68.27,83,6,6.46
290,Sao Gabriel Da Cachoeira,BR,2022-05-26 17:06:23,-0.1303,-67.0892,90.01,49,76,6.76
291,Dataganj,IN,2022-05-26 17:06:24,28.0333,79.4,93.25,23,0,0.54
292,South Venice,US,2022-05-26 17:06:24,27.0531,-82.4243,90.07,64,20,14.97
293,Vao,NC,2022-05-26 17:06:25,-22.6667,167.4833,73.44,78,96,9.93
294,Cidreira,BR,2022-05-26 17:06:25,-30.1811,-50.2056,63.48,96,100,2.8
295,Nantucket,US,2022-05-26 17:01:47,41.2835,-70.0995,62.71,73,0,12.66
296,Komsomolskiy,UZ,2022-05-26 17:06:25,40.4272,71.7189,79.52,36,4,2.3
297,Iqaluit,CA,2022-05-26 17:06:26,63.7506,-68.5145,18.7,67,55,1.1
298,Zhumadian,CN,2022-05-26 17:06:26,32.9794,114.0294,67.44,32,100,5.21
299,Kaka,TM,2022-05-26 17:06:27,37.3482,59.6143,76.06,37,74,15.5
300,Nizwa,OM,2022-05-26 17:06:27,22.9333,57.5333,95.23,13,0,8.61
301,Acapulco,MX,2022-05-26 17:06:11,16.8634,-99.8901,87.62,62,75,6.91
302,Sitka,US,2022-05-26 17:06:27,57.0531,-135.33,51.69,71,40,0.0
303,Kropotkin,RU,2022-05-26 17:03:57,45.4375,40.5756,59.58,69,95,4.03
304,Champerico,GT,2022-05-26 17:06:28,14.3,-91.9167,86.54,72,98,13.44
305,Jutai,BR,2022-05-26 17:06:28,-5.1833,-68.9,85.96,63,82,4.38
306,Russell,US,2022-05-26 17:04:01,32.3502,-85.1999,73.0,88,75,8.05
307,Port-Gentil,GA,2022-05-26 17:06:29,-0.7193,8.7815,78.76,78,20,9.22
308,Ilulissat,GL,2022-05-26 17:06:29,69.2167,-51.1,41.02,56,75,10.36
309,Henties Bay,NA,2022-05-26 17:06:29,-22.116,14.2845,59.94,82,0,7.87
310,Jaggayyapeta,IN,2022-05-26 17:06:30,16.9,80.1,90.37,51,92,14.23
311,Saint-Pierre,RE,2022-05-26 17:06:30,-21.3393,55.4781,74.88,73,100,3.44
312,Fort Morgan,US,2022-05-26 17:06:31,40.2503,-103.8,72.25,26,0,0.0
313,Terrace Bay,CA,2022-05-26 17:06:31,48.7834,-87.1,47.07,96,100,10.42
314,Beyneu,KZ,2022-05-26 17:06:31,45.3167,55.2,68.67,35,54,10.31
315,Hambantota,LK,2022-05-26 17:06:32,6.1241,81.1185,80.1,83,64,16.26
316,Sisimiut,GL,2022-05-26 17:06:32,66.9395,-53.6735,32.09,94,100,8.57
317,Kodiak,US,2022-05-26 17:06:32,57.79,-152.4072,49.51,71,0,3.44
318,Half Moon Bay,US,2022-05-26 17:06:33,37.4636,-122.4286,73.45,73,100,13.8
319,Cairns,AU,2022-05-26 17:06:33,-16.9167,145.7667,68.07,97,13,5.75
320,Tura,IN,2022-05-26 17:06:34,25.5198,90.2201,73.18,80,8,4.59
321,Usolye,RU,2022-05-26 17:06:34,59.4268,56.6808,42.66,81,10,4.81
322,Esperance,AU,2022-05-26 17:06:34,-33.8667,121.9,56.52,84,17,7.4
323,Meadow Lake,US,2022-05-26 17:06:35,34.8014,-106.5436,80.42,19,0,5.5
324,Buraydah,SA,2022-05-26 17:03:22,26.326,43.975,97.02,10,65,20.85
325,Severo-Kurilsk,RU,2022-05-26 17:06:35,50.6789,156.125,38.59,92,54,5.68
326,Marystown,CA,2022-05-26 17:06:36,47.1666,-55.1483,54.25,61,52,8.84
327,Pandan,PH,2022-05-26 17:06:36,14.0453,124.1694,79.99,84,100,5.28
328,Aklavik,CA,2022-05-26 17:06:36,68.2191,-135.0107,45.41,74,100,10.67
329,Debno,PL,2022-05-26 17:06:37,52.739,14.698,70.34,51,89,13.4
330,Qasigiannguit,GL,2022-05-26 17:06:37,68.8193,-51.1922,41.25,88,29,5.84
331,Soe,ID,2022-05-26 17:06:37,-9.8607,124.284,64.87,92,95,4.09
332,Misratah,LY,2022-05-26 17:06:38,32.3754,15.0925,78.6,50,93,19.1
333,Karimganj,IN,2022-05-26 17:06:38,24.8667,92.35,74.39,93,44,3.83
334,Lengshuijiang,CN,2022-05-26 17:06:39,27.6881,111.4294,65.79,96,99,2.13
335,Manaure,CO,2022-05-26 17:06:39,11.7751,-72.4445,87.96,60,92,13.31
336,Amahai,ID,2022-05-26 17:06:39,-3.3333,128.9167,78.46,86,95,4.54
337,Ustye,RU,2022-05-26 17:06:40,59.6304,39.736,49.06,71,54,4.74
338,Sorland,NO,2022-05-26 17:06:40,67.667,12.6934,49.86,93,37,14.16
339,Hamilton,US,2022-05-26 17:03:02,39.1834,-84.5333,74.98,83,75,12.66
340,Stony Plain,CA,2022-05-26 17:06:41,53.5334,-114.0021,62.49,57,4,7.58
341,Puerto Quijarro,BO,2022-05-26 17:06:41,-17.7833,-57.7667,92.41,31,100,5.3
342,Rio Grande,BR,2022-05-26 17:06:41,-32.035,-52.0986,62.71,86,100,10.76
343,Zhongshu,CN,2022-05-26 17:06:42,24.5167,103.7667,64.47,99,100,2.98
344,Meulaboh,ID,2022-05-26 17:06:42,4.1363,96.1285,78.69,86,100,5.84
345,Calabozo,VE,2022-05-26 17:06:42,8.9242,-67.4293,90.75,47,100,6.08
346,Bethel,US,2022-05-26 17:06:43,41.3712,-73.414,71.15,65,20,9.22
347,Touros,BR,2022-05-26 17:01:49,-5.1989,-35.4608,84.42,66,76,17.16
348,Bonthe,SL,2022-05-26 17:03:08,7.5264,-12.505,82.11,74,96,9.44
349,Antalaha,MG,2022-05-26 17:06:43,-14.9003,50.2788,72.75,87,9,6.62
350,Marawi,PH,2022-05-26 17:06:44,7.9986,124.2928,68.9,93,100,4.88
351,Port Hardy,CA,2022-05-26 17:06:44,50.6996,-127.4199,51.4,79,99,3.76
352,Hemnesberget,NO,2022-05-26 17:06:44,66.2333,13.6333,61.52,59,64,7.83
353,Ketchikan,US,2022-05-26 17:02:53,55.3422,-131.6461,52.27,76,100,9.22
354,Klaksvik,FO,2022-05-26 17:06:45,62.2266,-6.589,50.92,74,99,13.24
355,Sechura,PE,2022-05-26 17:06:48,-5.5569,-80.8222,75.4,60,22,7.61
356,Jos,NG,2022-05-26 17:06:49,9.9167,8.9,82.33,42,82,4.79
357,Hanover,DE,2022-05-26 17:05:53,52.3705,9.7332,67.41,61,75,12.66
358,Presidencia Roque Saenz Pena,AR,2022-05-26 17:06:50,-26.7852,-60.4388,57.16,97,100,7.0
359,Araouane,ML,2022-05-26 17:06:50,18.9048,-3.5265,96.49,23,100,20.27
360,Zhangjiakou,CN,2022-05-26 17:06:50,40.81,114.8794,63.1,21,0,4.56
361,Matamoros,MX,2022-05-26 17:06:51,25.5333,-103.25,84.31,30,0,5.75
362,Santiago,CL,2022-05-26 17:05:42,-33.4569,-70.6483,63.86,52,95,6.91
363,Sitio Novo Do Tocantins,BR,2022-05-26 17:06:51,-5.5183,-47.4611,82.26,68,52,6.49
364,Buin,CL,2022-05-26 17:06:51,-33.7333,-70.75,64.74,47,100,4.45
365,Rovaniemi,FI,2022-05-26 17:06:52,66.5,25.7167,62.01,36,0,11.5
366,Tezu,IN,2022-05-26 17:06:26,27.9167,96.1667,73.76,97,52,2.86
367,Trujillo,PE,2022-05-26 17:05:15,-8.116,-79.03,64.36,72,75,13.8
368,Rockhampton,AU,2022-05-26 17:06:52,-23.3833,150.5,62.49,94,40,3.44
369,Kasongo-Lunda,CD,2022-05-26 17:06:53,-6.4667,16.8167,77.65,71,78,3.24
370,Katobu,ID,2022-05-26 17:06:53,-4.9408,122.5276,75.27,95,100,4.54
371,Katete,UG,2022-05-26 17:06:54,-0.7818,29.7544,61.84,97,91,1.79
372,Paamiut,GL,2022-05-26 17:06:54,61.994,-49.6678,29.89,96,100,5.64
373,Ponta Delgada,PT,2022-05-26 17:06:55,37.7333,-25.6667,66.92,77,20,12.66
374,Ancud,CL,2022-05-26 17:03:53,-41.8697,-73.8203,48.27,64,25,5.61
375,Salta,AR,2022-05-26 17:06:55,-24.7859,-65.4117,61.57,72,100,1.99
376,Westport,US,2022-05-26 17:06:27,41.1415,-73.3579,71.28,66,0,6.91
377,Mitsamiouli,KM,2022-05-26 17:06:55,-11.3847,43.2844,80.82,74,11,8.59
378,Kaputa,ZM,2022-05-26 17:06:56,-8.4689,29.6619,71.62,62,45,4.9
379,Yangambi,CD,2022-05-26 17:06:56,0.8102,24.4336,74.93,81,49,2.48
380,Jiaocheng,CN,2022-05-26 17:06:57,24.6774,116.1389,74.86,99,100,0.27
381,Los Llanos De Aridane,ES,2022-05-26 17:06:57,28.6585,-17.9182,67.75,81,75,9.22
382,Oyem,GA,2022-05-26 17:06:57,1.5995,11.5793,69.06,98,84,3.13
383,Mariel,CU,2022-05-26 17:06:58,22.9875,-82.7536,84.34,55,99,8.19
384,Beringovskiy,RU,2022-05-26 17:06:58,63.05,179.3167,38.26,89,41,7.45
385,Agadir,MA,2022-05-26 17:06:58,30.4202,-9.5982,77.45,54,20,7.05
386,Kulhudhuffushi,MV,2022-05-26 17:06:59,6.6221,73.07,82.47,73,100,12.26
387,Adrar,MR,2022-05-26 17:06:59,20.5022,-10.0711,100.67,16,38,12.53
388,Qandala,SO,2022-05-26 17:06:59,11.472,49.8728,85.78,67,46,4.52
389,Vestmannaeyjar,IS,2022-05-26 17:07:00,63.4427,-20.2734,56.39,54,40,16.11
390,San Andres,CO,2022-05-26 17:05:46,12.5847,-81.7006,81.7,81,88,14.5
391,Kamenka,RU,2022-05-26 17:07:00,51.3223,42.7678,54.54,87,95,3.78
392,Banff,CA,2022-05-26 17:07:01,51.1762,-115.5698,52.03,53,100,4.38
393,Nome,US,2022-05-26 17:07:01,64.5011,-165.4064,35.67,93,100,6.91
394,Pokrovsk,UA,2022-05-26 17:07:01,48.282,37.1758,53.37,86,100,12.88
395,Kenitra,MA,2022-05-26 17:07:02,34.261,-6.5802,81.36,44,69,12.68
396,Chiredzi,ZW,2022-05-26 17:07:02,-21.05,31.6667,72.28,35,0,3.89
397,Airai,TL,2022-05-26 17:07:03,-8.9266,125.4092,57.06,91,100,2.77
398,Volksrust,ZA,2022-05-26 17:07:03,-27.3654,29.8818,50.95,47,0,2.82
399,Shache,CN,2022-05-26 17:07:04,38.4167,77.2406,78.49,15,16,8.32
400,Krasnaya Polyana,RU,2022-05-26 17:07:04,56.242,51.1442,45.25,82,95,3.6
401,Ziro,IN,2022-05-26 17:07:04,27.6333,93.8333,55.33,98,39,0.83
402,Sakaraha,MG,2022-05-26 17:07:05,-22.9,44.5333,64.87,83,0,6.06
403,Igarka,RU,2022-05-26 17:07:05,67.4667,86.5833,40.32,80,12,10.07
404,Codrington,AU,2022-05-26 17:07:06,-38.2667,141.9667,54.03,79,59,2.26
405,Starkville,US,2022-05-26 17:02:46,33.4504,-88.8184,85.87,48,0,13.8
406,Can,TR,2022-05-26 17:07:06,40.0333,27.0524,76.87,67,24,5.41
407,Lloydminster,CA,2022-05-26 17:07:07,53.2835,-110.0016,59.02,59,33,8.52
408,Wenchi,GH,2022-05-26 17:07:07,7.7392,-2.1046,81.59,80,65,0.45
409,Pombas,CV,2022-05-26 17:07:08,17.1503,-25.0201,78.58,75,24,12.39
410,Kamaishi,JP,2022-05-26 17:07:08,39.2667,141.8833,60.17,96,100,7.99
411,Namatanai,PG,2022-05-26 17:07:09,-3.6667,152.4333,78.46,80,100,3.09
412,Paratinga,BR,2022-05-26 17:07:10,-12.6906,-43.1842,90.19,29,27,6.46
413,Moutier,CH,2022-05-26 17:07:10,47.2782,7.3695,73.06,54,20,10.36
414,Deputatskiy,RU,2022-05-26 17:07:10,69.3,139.9,19.17,96,98,3.96
415,Nchelenge,ZM,2022-05-26 17:07:11,-9.3451,28.734,71.19,63,100,1.81
416,Mazagao,BR,2022-05-26 17:07:11,-0.115,-51.2894,86.05,71,54,4.81
417,Praya,CV,2022-05-26 17:07:11,14.9215,-23.5087,81.14,54,20,14.97
418,La Rioja,ES,2022-05-26 17:07:12,42.25,-2.5,64.18,60,3,9.89
419,Poso,ID,2022-05-26 17:07:12,-1.3959,120.7524,77.0,88,100,4.07
420,Mwingi,KE,2022-05-26 17:07:13,-0.9344,38.0601,73.17,56,48,10.04
421,Fortuna,US,2022-05-26 17:07:13,40.5982,-124.1573,62.92,86,0,1.99
422,Puerto Ayacucho,VE,2022-05-26 17:07:14,5.6639,-67.6236,84.11,72,100,1.83
423,Casper,US,2022-05-26 17:07:14,42.8666,-106.3131,73.72,27,0,14.97
424,Graaff-Reinet,ZA,2022-05-26 17:07:14,-32.2522,24.5308,59.41,61,0,2.46
425,Seymchan,RU,2022-05-26 17:07:15,62.8833,152.4333,40.59,89,93,1.81
426,Kavieng,PG,2022-05-26 17:07:15,-2.5744,150.7967,80.82,71,100,6.76
427,Andahuaylas,PE,2022-05-26 17:07:16,-13.6556,-73.3872,60.89,58,40,6.58
428,Nelson Bay,AU,2022-05-26 17:07:16,-32.7167,152.15,57.0,97,5,5.75
429,Berberati,CF,2022-05-26 17:07:17,4.2612,15.7922,78.17,66,98,4.54
430,Novo Horizonte,BR,2022-05-26 17:07:17,-21.4681,-49.2208,81.95,28,74,5.12
431,Poum,NC,2022-05-26 17:07:17,-20.2333,164.0167,76.66,79,88,15.88
432,Kalmunai,LK,2022-05-26 17:07:18,7.4167,81.8167,81.37,73,97,11.39
433,Severnoye,RU,2022-05-26 17:07:18,56.3491,78.3619,61.2,51,46,8.48
434,Emerald,AU,2022-05-26 17:07:19,-23.5333,148.1667,57.34,87,0,7.27
435,Svetlaya,RU,2022-05-26 17:07:19,46.5389,138.3297,47.73,95,100,3.06
436,Helong,CN,2022-05-26 17:07:19,42.5397,128.9972,45.73,97,100,1.43
437,Wilkie,CA,2022-05-26 17:07:20,52.4168,-108.7014,62.89,51,21,7.29
438,Porto Walter,BR,2022-05-26 17:07:20,-8.2686,-72.7439,86.41,58,88,1.83
439,Leningradskiy,RU,2022-05-26 17:07:21,69.3833,178.4167,32.59,91,100,3.06
440,Coihaique,CL,2022-05-26 17:03:02,-45.5752,-72.0662,38.7,84,93,4.56
441,Ha Giang,VN,2022-05-26 17:07:21,22.8333,104.9833,77.85,98,99,0.87
442,Somerset West,ZA,2022-05-26 17:07:21,-34.084,18.8211,62.22,82,14,8.32
443,Salalah,OM,2022-05-26 17:07:22,17.0151,54.0924,84.29,79,20,5.75
444,Diapaga,BF,2022-05-26 17:07:23,12.0708,1.7889,100.22,21,76,3.0
445,Junction City,US,2022-05-26 17:04:02,39.0286,-96.8314,55.81,89,100,10.36
446,Togur,RU,2022-05-26 17:07:23,58.3631,82.8265,57.06,55,67,6.15
447,Matara,LK,2022-05-26 17:07:23,5.9485,80.5353,78.82,90,56,9.69
448,Zhigansk,RU,2022-05-26 17:07:24,66.7697,123.3711,27.27,77,39,22.03
449,Garowe,SO,2022-05-26 17:07:24,8.4054,48.4845,90.01,37,94,23.33
450,Pangody,RU,2022-05-26 17:07:24,65.85,74.4859,54.09,41,90,14.76
451,Kurumkan,RU,2022-05-26 17:07:25,54.3,110.3,49.93,73,10,8.41
452,Alamosa,US,2022-05-26 17:05:44,37.4695,-105.87,64.38,24,0,3.44
453,The Valley,AI,2022-05-26 17:07:25,18.217,-63.0578,87.66,74,75,13.8
454,Rey Bouba,CM,2022-05-26 17:07:26,8.6724,14.1786,94.21,35,72,0.89
455,Mabaruma,GY,2022-05-26 17:07:26,8.2,-59.7833,80.11,83,84,5.86
456,Muros,ES,2022-05-26 17:07:26,42.7762,-9.0603,85.15,44,64,13.82
457,Jalu,LY,2022-05-26 17:07:27,29.0331,21.5482,94.93,10,0,9.42
458,Hualmay,PE,2022-05-26 17:07:27,-11.0964,-77.6139,68.49,70,88,9.95
459,Necochea,AR,2022-05-26 17:07:27,-38.5473,-58.7368,51.48,45,37,6.46
460,Batagay-Alyta,RU,2022-05-26 17:07:28,67.8006,130.4114,9.0,94,72,6.17
461,Batagay,RU,2022-05-26 17:07:28,67.6333,134.6333,26.29,81,74,5.37
462,Poyarkovo,RU,2022-05-26 17:07:28,49.6,128.6833,56.3,76,89,3.47
463,Porto Novo,BJ,2022-05-26 17:07:29,6.4965,2.6036,82.33,71,66,9.66
464,Tateyama,JP,2022-05-26 17:07:29,34.9833,139.8667,67.75,89,100,18.77
465,Cuauhtemoc,MX,2022-05-26 17:05:37,28.4167,-106.8667,78.6,10,0,9.71
466,San Rafael,AR,2022-05-26 17:07:30,-34.6177,-68.3301,51.13,53,73,2.95
467,Mago,RU,2022-05-26 17:07:30,53.2514,140.1822,42.53,91,72,3.69
468,Maymyo,MM,2022-05-26 17:07:30,22.0333,96.4667,68.4,81,3,1.5
469,Ixtapa,MX,2022-05-26 17:07:31,20.7,-105.2,81.63,69,20,6.91
470,Mouzouras,GR,2022-05-26 17:07:31,35.5333,24.15,84.2,51,0,0.0
471,George,ZA,2022-05-26 17:07:32,-33.963,22.4617,58.95,81,88,4.12
472,Kahului,US,2022-05-26 17:07:33,20.8947,-156.47,75.22,68,40,11.5
473,Colac,AU,2022-05-26 17:07:33,-38.3333,143.5833,51.84,97,54,4.45
474,Tarko-Sale,RU,2022-05-26 17:07:34,64.9225,77.785,54.16,41,96,11.9
475,Kumluca,TR,2022-05-26 17:07:34,36.3703,30.2869,78.13,59,56,8.28
476,Vila Franca Do Campo,PT,2022-05-26 17:07:34,37.7167,-25.4333,66.61,74,79,6.89
477,Rizhao,CN,2022-05-26 17:07:34,35.4275,119.4553,63.43,40,0,10.18
478,Saint-Georges,GD,2022-05-26 17:07:35,12.0564,-61.7485,85.68,66,20,19.57
479,Lahuachaca,BO,2022-05-26 17:07:35,-17.3667,-67.6667,53.11,31,100,6.6
480,Praia Da Vitoria,PT,2022-05-26 17:07:36,38.7333,-27.0667,69.76,74,56,11.81
481,Pochutla,MX,2022-05-26 17:07:36,15.7432,-96.4661,87.82,51,100,7.83
482,Lazaro Cardenas,MX,2022-05-26 17:07:36,17.9583,-102.2,87.08,56,95,12.59
483,Boyolangu,ID,2022-05-26 17:07:37,-8.1181,111.8935,75.22,88,100,0.47
484,Pipri,IN,2022-05-26 17:07:37,19.8,75.5333,88.32,42,18,18.97
485,Nicoya,CR,2022-05-26 17:07:38,10.1483,-85.452,86.23,65,96,2.59
486,Mahibadhoo,MV,2022-05-26 17:07:38,3.7833,72.9667,83.34,74,42,11.9
487,Tonota,BW,2022-05-26 17:07:38,-21.4833,27.4833,69.35,19,0,4.54
488,Punta Gorda,US,2022-05-26 17:07:39,26.9298,-82.0454,91.0,56,40,11.5
489,Bongandanga,CD,2022-05-26 17:07:39,1.5,21.05,72.21,91,82,1.3
490,Verkhoyansk,RU,2022-05-26 17:07:40,67.5447,133.385,27.7,84,79,6.13
491,Soc Trang,VN,2022-05-26 17:07:40,9.6033,105.98,81.46,82,100,9.93
492,Ust-Nera,RU,2022-05-26 17:07:40,64.5667,143.2,37.04,96,100,7.65
493,Nouadhibou,MR,2022-05-26 17:07:41,20.931,-17.0347,65.48,90,4,23.47
494,Verkhnevilyuysk,RU,2022-05-26 17:07:41,63.4453,120.3167,32.72,79,29,4.7
495,Krasnik,PL,2022-05-26 17:07:41,50.9236,22.2271,68.29,72,60,14.54
496,Corpus Christi,US,2022-05-26 17:03:36,27.8006,-97.3964,88.05,65,20,10.36
497,Raudeberg,NO,2022-05-26 17:07:42,61.9875,5.1352,51.96,79,31,15.93
498,Raga,SS,2022-05-26 17:07:42,8.4596,25.678,82.67,52,65,5.88
499,Goure,NE,2022-05-26 17:07:42,13.9835,10.2704,102.02,6,13,9.66
500,La Ronge,CA,2022-05-26 17:07:43,55.1001,-105.2842,49.71,62,93,4.14
501,Amarwara,IN,2022-05-26 17:07:43,22.3,79.1667,89.13,28,92,16.75
502,Carballo,ES,2022-05-26 17:07:44,43.213,-8.691,79.02,78,27,10.31
503,Whitianga,NZ,2022-05-26 17:07:44,-36.8333,175.7,54.25,81,81,9.62
504,Galesburg,US,2022-05-26 17:07:44,40.9478,-90.3712,75.16,76,40,6.91
505,Roma,US,2022-05-26 17:07:45,43.2128,-75.4557,73.87,52,100,8.75
506,Japura,ID,2022-05-26 17:07:45,-0.3167,102.35,75.47,92,96,0.54
507,Nanortalik,GL,2022-05-26 17:07:45,60.1432,-45.2371,39.83,88,92,8.03
508,Ecoporanga,BR,2022-05-26 17:07:46,-18.3733,-40.8306,77.32,55,76,8.12
509,Sayyan,YE,2022-05-26 17:07:46,15.1718,44.3244,68.88,16,1,10.4
510,Margate,GB,2022-05-26 17:07:47,51.3813,1.3862,65.7,70,100,7.0
511,Coquimbo,CL,2022-05-26 17:07:47,-29.9533,-71.3436,55.13,94,100,5.75
512,Shaoguan,CN,2022-05-26 17:07:47,24.8,113.5833,73.62,99,100,2.68
513,Panagar,IN,2022-05-26 17:07:48,23.3,79.9833,91.89,27,36,7.05
514,Mogadishu,SO,2022-05-26 17:06:14,2.0371,45.3438,79.79,87,100,19.42
515,Caucaia,BR,2022-05-26 17:07:48,-3.7361,-38.6531,87.31,64,40,12.66
516,Mombaca,BR,2022-05-26 17:07:48,-5.7431,-39.6275,83.75,53,90,6.04
517,San Patricio,US,2022-05-26 17:07:49,28.017,-97.5169,87.91,49,0,3.67
518,Kavaratti,IN,2022-05-26 17:07:49,10.5669,72.642,83.44,77,100,9.66
519,Yenagoa,NG,2022-05-26 17:07:49,4.9247,6.2642,77.95,89,80,6.69
520,Tual,ID,2022-05-26 17:07:50,-5.6667,132.75,82.92,75,100,16.2
521,Clovis,US,2022-05-26 17:07:50,36.8252,-119.7029,93.85,32,11,1.99
522,Siocon,PH,2022-05-26 17:07:50,7.7061,122.1353,78.15,86,100,3.56
523,Waw,SS,2022-05-26 17:07:51,7.7029,27.9953,84.42,49,67,6.15
524,Rocha,UY,2022-05-26 17:07:51,-34.4833,-54.3333,56.3,60,1,8.3
525,Sambava,MG,2022-05-26 17:07:52,-14.2667,50.1667,74.89,82,45,7.58
526,Salto,UY,2022-05-26 17:05:54,-31.3833,-57.9667,57.36,77,100,11.99
527,Ossora,RU,2022-05-26 17:07:52,59.2353,163.0719,38.1,99,100,4.05
528,Xuddur,SO,2022-05-26 17:07:52,4.1213,43.8894,83.41,50,100,14.65
529,Lagoa,PT,2022-05-26 17:07:53,39.05,-27.9833,62.71,73,91,18.88
530,Tomatlan,MX,2022-05-26 17:07:53,19.9333,-105.25,90.43,44,1,5.7
531,Trairi,BR,2022-05-26 17:03:30,-3.2778,-39.2689,82.89,76,41,9.06
532,Stroby Egede,DK,2022-05-26 17:07:53,55.4138,12.245,58.28,69,21,20.98
533,Saint-Gabriel,CA,2022-05-26 17:07:54,46.3001,-73.3824,59.92,92,100,8.66
534,Harper,LR,2022-05-26 17:07:54,4.375,-7.7169,81.61,72,53,6.96
535,Bambanglipuro,ID,2022-05-26 17:07:54,-7.95,110.2833,76.73,86,100,3.87
536,Marienburg,PL,2022-05-26 17:07:55,54.0359,19.0266,61.88,61,14,16.33
537,Jieshi,CN,2022-05-26 17:07:55,22.8134,115.8257,78.19,91,77,5.61
538,Broken Hill,AU,2022-05-26 17:07:55,-31.95,141.4333,54.93,73,9,6.13
539,Narsaq,GL,2022-05-26 17:07:56,60.9167,-46.05,50.22,64,93,8.16
540,Khalkhal,IR,2022-05-26 17:07:56,37.6189,48.5258,46.47,86,13,4.34
541,Clinton,US,2022-05-26 17:07:57,42.587,-82.9199,77.32,74,100,1.01
542,Santa Fe,AR,2022-05-26 17:07:57,-31.6333,-60.7,61.02,71,25,7.0
543,Puerto Colombia,CO,2022-05-26 17:07:57,10.9878,-74.9547,87.89,68,100,4.27
544,Rahimatpur,IN,2022-05-26 17:07:58,17.6,74.2,76.8,70,77,9.44
545,Qaqortoq,GL,2022-05-26 17:07:58,60.7167,-46.0333,38.84,80,89,7.63
546,Ouricuri,BR,2022-05-26 17:07:58,-7.8825,-40.0817,78.3,66,96,9.01
547,Yar-Sale,RU,2022-05-26 17:07:59,66.8333,70.8333,47.91,55,72,16.62
548,Uribia,CO,2022-05-26 17:07:59,11.7139,-72.266,90.39,52,91,16.08
549,Springbok,ZA,2022-05-26 17:07:59,-29.6643,17.8865,59.85,31,0,2.91
550,Broome,US,2022-05-26 17:08:00,42.2506,-75.833,75.47,60,0,15.01
551,Taihe,CN,2022-05-26 17:08:00,30.8712,105.3845,69.42,89,100,1.39
552,Sijunjung,ID,2022-05-26 17:08:00,-0.6876,100.9537,72.27,88,98,1.43
553,Sioux Lookout,CA,2022-05-26 17:08:01,50.1001,-91.917,57.43,54,85,9.08
554,Sola,VU,2022-05-26 17:08:01,-13.8833,167.55,80.64,78,32,16.13
555,College,US,2022-05-26 17:08:02,64.8569,-147.8028,58.95,58,75,5.75
556,Cranbrook,CA,2022-05-26 17:05:26,49.4999,-115.7688,55.71,63,100,3.42
557,Halifax,CA,2022-05-26 17:07:53,44.6453,-63.5724,74.52,46,87,5.99
558,Yambio,SS,2022-05-26 17:08:02,4.5721,28.3955,74.64,68,84,4.03
559,Mizdah,LY,2022-05-26 17:08:03,31.4451,12.9801,97.56,7,100,10.11
560,Maningrida,AU,2022-05-26 17:08:03,-12.0667,134.2667,69.89,81,100,7.74
561,Port Arthur,CN,2022-05-26 17:05:12,38.8,121.2667,62.82,55,63,3.15
562,Maltahohe,NA,2022-05-26 17:08:03,-24.8333,16.9833,66.69,18,0,4.61
563,Husavik,IS,2022-05-26 17:08:04,66.0449,-17.3389,40.46,96,100,13.67
564,Sobolevo,RU,2022-05-26 17:08:04,54.4299,31.8996,50.52,92,73,6.78
565,Sainte-Marie,RE,2022-05-26 17:08:05,-20.8968,55.5496,75.36,86,75,5.75
566,Acajutla,SV,2022-05-26 17:08:05,13.5928,-89.8275,80.31,81,99,9.84
567,Bobrovka,RU,2022-05-26 17:08:06,54.047,61.7455,52.57,74,100,13.91
568,Aasiaat,GL,2022-05-26 17:03:13,68.7098,-52.8699,33.06,96,98,9.44
569,Talara,PE,2022-05-26 17:08:06,-4.5772,-81.2719,75.96,60,40,14.97
570,Alugan,PH,2022-05-26 17:08:06,12.2188,125.4808,80.89,81,64,8.1
571,Maua,BR,2022-05-26 17:08:07,-23.6678,-46.4614,76.8,43,0,5.79
572,Arawa,PG,2022-05-26 17:08:07,-6.2132,155.5367,75.97,92,100,2.77
573,Zhangzhou,CN,2022-05-26 17:08:08,24.5133,117.6556,69.1,97,100,3.22
574,Ipua,BR,2022-05-26 17:08:08,-20.4381,-48.0122,81.3,30,21,3.96
575,Srednekolymsk,RU,2022-05-26 17:08:08,67.45,153.6833,33.57,74,100,18.41
576,Kodinsk,RU,2022-05-26 17:08:09,58.6881,99.1844,42.13,90,34,3.98
577,Kyshtovka,RU,2022-05-26 17:08:09,56.555,76.6271,62.55,54,43,7.87
578,Tekirdag,TR,2022-05-26 17:08:10,40.978,27.5085,78.15,61,75,17.31
579,Borogontsy,RU,2022-05-26 17:08:10,62.6683,131.1683,33.53,91,39,2.59
580,Kastamonu,TR,2022-05-26 17:08:11,41.5,33.6667,60.39,69,1,3.91
581,Calama,CL,2022-05-26 17:04:50,-22.4667,-68.9333,70.29,8,0,17.27
582,Verin,ES,2022-05-26 17:08:11,41.9415,-7.4381,83.57,36,11,6.69
583,Bakchar,RU,2022-05-26 17:08:11,57.0186,82.0711,56.91,57,68,5.37
